{"cameraMode":{"drawMode":0,"name":"Shaded","section":"Shading Mode"},"sceneLighting":true,"audioPlay":false,"sceneViewState":{"showFog":true,"showMaterialUpdate":false,"showSkybox":true,"showFlares":true,"showImageEffects":true,"showParticleSystems":true},"in2DMode":false,"pivot":{"x":358.137451171875,"y":388.58502197265627,"z":12.338850975036621},"rotation":{"x":0.0284961499273777,"y":-9.70767022323571e-9,"z":8.557363151417974e-10,"w":0.9995939135551453},"size":544.3740844726563,"orthographic":true}