{"cameraMode":{"drawMode":0,"name":"Shaded","section":"Shading Mode"},"sceneLighting":true,"audioPlay":false,"sceneViewState":{"showFog":true,"showMaterialUpdate":false,"showSkybox":true,"showFlares":true,"showImageEffects":true,"showParticleSystems":true},"in2DMode":false,"pivot":{"x":449.58013916015627,"y":490.07354736328127,"z":24.426433563232423},"rotation":{"x":0.0284961499273777,"y":-9.70767022323571e-9,"z":8.557363151417974e-10,"w":0.9995939135551453},"size":476.8883361816406,"orthographic":true}